{
  "name": "Claim Your Data Visualization Certificate",
  "order": 13,
  "time": "5 minutes",
  "challenges": [
    {
      "id": "587d7fa5367417b2b2512bbe",
      "title": "Claim Your Data Visualization Certificate",
      "description": [
        [
          "//i.imgur.com/k8btNUB.jpg",
          "An image of our Data Visualization Certificate",
          "This challenge will give you your verified Data Visualization Certificate. Before we issue your certificate, we must verify that you have completed all of our basic and intermediate algorithm scripting challenges, and all our basic, intermediate, and advanced front end development projects. You must also accept our Academic Honesty Pledge. Click the button below to start this process.",
          ""
        ],
        [
          "//i.imgur.com/uLPsUko.jpg",
          "The definition of plagiarism: Plagiarism (noun) - copying someone else’s work and presenting it as your own without crediting them",
          "By clicking below, you pledge that all of your submitted code A) is code you or your pair personally wrote, or B) comes from open source libraries like jQuery, or C) has been clearly attributed to its original authors. You also give us permission to audit your challenge solutions and revoke your certificate if we discover evidence of plagiarism.",
          "#"
        ],
        [
          "//i.imgur.com/UedoV2G.jpg",
          "An image of the text \"Front End Development Certificate requirements\"",
          "Let's confirm that you have completed all of our basic and intermediate algorithm scripting challenges, and all our basic, intermediate, and advanced front end development projects. Click the button below to verify this.",
          "#"
        ],
        [
          "//i.imgur.com/Q5Za9U6.jpg",
          "An image of the word \"Congratulations\"",
          "Congratulations! We've added your Data Visualization Certificate to your portfolio page. Unless you choose to hide your solutions, this certificate will remain publicly visible and verifiable.",
          ""
        ]
      ],
      "challengeSeed": [
        {
          "properties": [
            "isHonest",
            "isFrontEndCert"
          ],
          "apis": [
            "/certificate/honest",
            "/certificate/verify/front-end"
          ],
          "stepIndex": [
            1,
            2
          ]
        }
      ],
      "tests": [
        {
          "id": "587d7fa6367417b2b2512bc0",
          "title": "Visualize Data with a Treemap Diagram"
        },
        {
          "id": "587d7fa6367417b2b2512bbf",
          "title": "Visualize Data with a Choropleth Map"
        },
        {
          "id": "bd7188d8c242eddfaeb5bd13",
          "title": "Visualize Data with a Heat Map"
        },
        {
          "id": "bd7178d8c242eddfaeb5bd13",
          "title": "Visualize Data with a Scatterplot Graph"
        },
        {
          "id": "bd7168d8c242eddfaeb5bd13",
          "title": "Visualize Data with a Bar Chart"
        }
      ],
      "type": "Waypoint",
      "challengeType": 7,
      "translations": {
        "es": {
          "title": "Reclama tu certificado de Desarrollo de interfaces",
          "description": [
            [
              "//i.imgur.com/k8btNUB.jpg",
              "Una imagen que muestra nuestro certificado de Desarrollo de interfaces",
              "Este desafío te otorga tu certificado autenticado de Desarrollo de interfaces. Antes de que podamos emitir tu certificado, debemos verificar que has completado todos los desafíos básicos e intermedios de diseño de algoritmos, y todos los proyectos básicos e intermedios de desarrollo de interfaces. También debes aceptar nuestro Juramento de honestidad académica. Pulsa el botón siguiente para iniciar este proceso.",
              ""
            ],
            [
              "//i.imgur.com/HArFfMN.jpg",
              "Plagio (nombre): acción y efecto de plagiar. Plagiar (verbo) - copiar en lo sustancial obras ajenas, dándolas como propias.",
              "Al pulsar el botón siguiente, juras que todo el código en tus soluciones a los desafíos A) es código que tú o tu compañero escribieron personalmente, o B) proviene de librerías de código abierto como jQuery, o C) ha sido claramente atribuido a sus autores originales. También nos otorgas el permiso para auditar tus soluciones a los desafíos y revocar tu certificado si encontramos evidencia de plagio.",
              "#"
            ],
            [
              "//i.imgur.com/14F2Van.jpg",
              "Una imagen del texto \"Front End Development Certificate requirements\"",
              "Confirmemos que has completado todos nuestros desafíos básicos e intermedios de diseño de algoritmos, y todos nuestros proyectos básicos e intermedios de desarrollo de interfaces. Pulsa el botón siguiente para hacer la verificación.",
              "#"
            ],
            [
              "//i.imgur.com/16SIhHO.jpg",
              "Una imagen de la palabra \"Congratulations\"",
              "¡Felicitaciones! Hemos agregado tu certificado de Desarrollo de interfaces a tu portafolio. A menos que elijas no mostrar tus soluciones, este certificado será públicamente visible y verificable.",
              ""
            ]
          ]
        }
      }
    }
  ]
}