{
  "name": "job",
  "base": "PersistedModel",
  "strict": true,
  "idInjection": true,
  "trackChanges": false,
  "properties": {
    "id": {
      "type": "string",
      "id": true
    },
    "position": {
      "type": "string"
    },
    "company": {
      "type": "string"
    },
    "logo": {
      "type": "string"
    },
    "city": {
      "type": "string"
    },
    "email": {
      "type": "string",
      "required": true
    },
    "phone": {
      "type": "string"
    },
    "state": {
      "type": "string"
    },
    "url": {
      "type": "string"
    },
    "country": {
      "type": "string"
    },
    "locale": {
      "type": "string",
      "required": true,
      "description": "format: city, state"
    },
    "location": {
      "type": "geopoint",
      "description": "location in lat, long"
    },
    "description": {
      "type": "string"
    },
    "isApproved": {
      "type": "boolean",
      "default": false
    },
    "isHighlighted": {
      "type": "boolean",
      "default": false
    },
    "isPaid": {
      "type": "boolean",
      "default": false
    },
    "isFilled": {
      "type": "boolean",
      "default": false
    },
    "postedOn": {
      "type": "date",
      "defaultFn": "now"
    },
    "isFrontEndCert": {
      "type": "boolean",
      "description": "Camper must be front end certified to apply",
      "defaut": false
    },
    "isBackEndCert": {
      "type": "boolean",
      "description": "Camper must be back end certified to apply",
      "default": false
    },
    "isFullStackCert": {
      "type": "boolean",
      "description": "Camper must be full stack certified to apply",
      "default": false
    },
    "isRemoteOk": {
      "type": "boolean",
      "description": "Camper may work remotely",
      "default": false
    },
    "howToApply": {
      "type": "string",
      "required": true,
      "description": "How campers apply to a job"
    },
    "promoCodeUsed": {
      "type": "string",
      "description": "The promocode, if any, that the job uses"
    }
  },
  "validations": [],
  "relations": {},
  "acls": [
    {
      "accessType": "*",
      "principalType": "ROLE",
      "principalId": "$everyone",
      "permission": "DENY"
    },
    {
      "accessType": "READ",
      "principalType": "ROLE",
      "principalId": "$everyone",
      "permission": "ALLOW"
    }
  ],
  "methods": {}
}
