{
  "name": "Coding Interview Take-home Projects",
  "order": 1,
  "time": "500 hours",
  "helpRoom": "HelpFrontEnd",
  "challenges": [
    {
      "id": "bd7158d8c442eddfaeb5bd10",
      "title": "Show the Local Weather",
      "description": [
        "<strong>Objective:</strong> Build a <a href='https://codepen.io' target='_blank'>CodePen.io</a> app that is functionally similar to this: <a href='http://codepen.io/FreeCodeCamp/full/bELRjV' target='_blank'>http://codepen.io/FreeCodeCamp/full/bELRjV</a>.",
        "Fulfill the below <a href='https://en.wikipedia.org/wiki/User_story' target='_blank'>user stories</a>. Use whichever libraries or APIs you need. Give it your own personal style.",
        "<strong>User Story:</strong> I can see the weather in my current location.",
        "<strong>User Story:</strong> I can see a different icon or background image (e.g. snowy mountain, hot desert) depending on the weather.",
        "<strong>User Story:</strong> I can push a button to toggle between Fahrenheit and Celsius.",
        "We recommend using the <a href='https://openweathermap.org/current#geo' target='_blank'>Open Weather API</a>. This will require creating a free API key. Normally you want to avoid exposing API keys on CodePen, but we haven't been able to find a keyless API for weather.",
        "Remember to use <a href='http://forum.freecodecamp.com/t/how-to-get-help-when-you-are-stuck/19514' target='_blank'>Read-Search-Ask</a> if you get stuck.",
        "When you are finished, click the \"I've completed this challenge\" button and include a link to your CodePen.",
        "You can get feedback on your project by sharing it with your friends on Facebook."
      ],
      "challengeSeed": [
        "GCLiJU-vvVc"
      ],
      "tests": [],
      "type": "zipline",
      "challengeType": 3,
      "isRequired": false,
      "translations": {
        "es": {
          "title": "Muestra el clima local",
          "description": [
            "<span class='text-info'>Objetivo:</span> Crea una aplicación con <a href='https://codepen.io' target='_blank'>CodePen.io</a> cuya funcionalidad sea similar a la de esta: <a href='http://codepen.io/FreeCodeCamp/full/bELRjV' target='_blank'>http://codepen.io/FreeCodeCamp/full/bELRjV</a>.",
            "Satisface las siguientes <a href='https://en.wikipedia.org/wiki/User_story' target='_blank'>historias de usuario</a>. Usa cualquier librería o APIs que necesites.",
            "<span class='text-info'>Historia de usuario:</span> Pedo obtener información acerca del clima en mi localización actual.",
            "<span class='text-info'>Historia de usuario:</span> Puedo ver un icono diferente o una imagen de fondo diferente (e.g. montaña con nieve, desierto caliente) dependiendo del clima.",
            "<span class='text-info'>Historia de usuario:</span> Puedo pulsar un botón para cambiar la unidad de temperatura de grados Fahrenheit a Celsius y viceversa.",
            "Recomendamos utilizar <a href='https://openweathermap.org/current#geo' target='_blank'>Open Weather API</a>. Al utilizarlo tendrás que crear una llave API gratuita. Normalmente debes evitar exponer llaves de API en CodePen, pero por el momento no hemos encontrado un API de clima que no requiera llave.",
            "Recuerda utilizar <a href='http://forum.freecodecamp.com/t/how-to-get-help-when-you-are-stuck/19514' target='_blank'>Leer-Buscar-Preguntar</a> si te sientes atascado.",
            "Cuando hayas terminado, pulsa el botón de \"I've completed this challenge\" e incluye un enlace a tu CodePen.",
            "Puedes obtener retroalimentación sobre tu proyecto por parte de otros campistas, compartiendolo en nuestra <a href='//gitter.im/freecodecamp/codereview' target='_blank'>Sala de chat para revisión de código</a>. También puedes compartirlo en Twitter y en el campamento de tu ciudad (en Facebook)."
          ]
        },
        "ru": {
          "title": "Покажите местную погоду",
          "description": [
            "<span class='text-info'>Задание:</span> Создайте <a href='https://codepen.io' target='_blank'>CodePen.io</a> который успешно копирует вот этот: <a href='http://codepen.io/FreeCodeCamp/full/bELRjV' target='_blank'>http://codepen.io/FreeCodeCamp/full/bELRjV</a>.",
            "<span class='text-info'>Правило #1:</span> Не подсматривайте код приведенного на CodePen примера. Напишите его самостоятельно.",
            "<span class='text-info'>Правило #2:</span> Можете использовать любые библиотеки или API, которые потребуются.",
            "<span class='text-info'>Правило #3:</span> Воссоздайте функционал приведенного примера и не стесняйтесь добавить что-нибудь от себя.",
            "Реализуйте следующие <a href='https://en.wikipedia.org/wiki/User_story' target='_blank'>пользовательские истории</a>, сделайте также бонусные по желанию:",
            "<span class='text-info'>Пользовательская история:</span> В качестве пользователя, я могу узнать погоду с учетом моего текущего местоположения.",
            "<span class='text-info'>Бонусная пользовательская история:</span> В качестве пользователя, я могу в зависимости от погоды видеть различные температурные значки.",
            "<span class='text-info'>Бонусная пользовательская история:</span> В качестве пользователя, я могу в зависимости от погоды видеть различные фоновые изображения (снежные горы, знойная пустыня).",
            "<span class='text-info'>Бонусная пользовательская история:</span> В качестве пользователя, я могу нажать на кнопку чтобы переключится между градусами по Цельсию или по Фаренгейту.",
            "Если что-то не получается, воспользуйтесь <a href='http://forum.freecodecamp.com/t/how-to-get-help-when-you-are-stuck/19514' target='_blank'>Read-Search-Ask</a>.",
            "Когда выполните задание кликните кнопку \"I've completed this challenge\" и добавьте ссылку на ваш CodePen. Если вы программировали с кем-то в паре, также добавьте имя вашего напарника.",
            "Если вы хотите получить немедленную оценку вашего проекта, нажмите эту кнопку и добавьте ссылку на ваш CodePen. В противном случае мы проверим его перед тем как вы приступите к проектам для некоммерческих организаций.<br><br><a class='btn btn-primary btn-block' href='https://twitter.com/intent/tweet?text=Check%20out%20the%20project%20I%20just%20built%20with%20%40FreeCodeCamp:%20%0A%20%23LearnToCode%20%23JavaScript' target='_blank'>Click here then add your link to your tweet's text</a>"
          ]
        }
      }
    },
    {
      "id": "bd7158d8c442eddfaeb5bd19",
      "title": "Build a Wikipedia Viewer",
      "description": [
        "<strong>Objective:</strong> Build a <a href='https://codepen.io' target='_blank'>CodePen.io</a> app that is functionally similar to this: <a href='https://codepen.io/FreeCodeCamp/full/wGqEga/' target='_blank'>https://codepen.io/FreeCodeCamp/full/wGqEga/</a>.",
        "Fulfill the below <a href='https://en.wikipedia.org/wiki/User_story' target='_blank'>user stories</a>. Use whichever libraries or APIs you need. Give it your own personal style.",
        "<strong>User Story:</strong> I can search Wikipedia entries in a search box and see the resulting Wikipedia entries.",
        "<strong>User Story:</strong> I can click a button to see a random Wikipedia entry.",
        "<span class='text-info'>Hint #1:</span> Here's a URL you can use to get a random Wikipedia article: <code>https://en.wikipedia.org/wiki/Special:Random</code>.",
        "<span class='text-info'>Hint #2:</span> Here's an entry on using Wikipedia's API: <code>https://www.mediawiki.org/wiki/API:Main_page</code>.",
        "<span class='text-info'>Hint #3:</span> Use this <a href='https://en.wikipedia.org/wiki/Special:ApiSandbox#action=query&titles=Main%20Page&prop=revisions&rvprop=content&format=jsonfm' target='_blank'>link</a> to experiment with Wikipedia's API.",
        "Remember to use <a href='http://forum.freecodecamp.com/t/how-to-get-help-when-you-are-stuck/19514' target='_blank'>Read-Search-Ask</a> if you get stuck.",
        "When you are finished, click the \"I've completed this challenge\" button and include a link to your CodePen.",
        "You can get feedback on your project by sharing it with your friends on Facebook."
      ],
      "challengeSeed": [
        "wJhcPwVYA1g"
      ],
      "tests": [],
      "type": "zipline",
      "challengeType": 3,
      "isRequired": false,
      "translations": {
        "es": {
          "title": "Crea un buscador de Wikipedia",
          "description": [
            "<span class='text-info'>Objetivo:</span> Crea una aplicación con <a href='https://codepen.io' target='_blank'>CodePen.io</a> cuya funcionalidad sea similar a la de esta: <a href='https://codepen.io/FreeCodeCamp/full/wGqEga/' target='_blank'>https://codepen.io/FreeCodeCamp/full/wGqEga/</a>.",
            "Satisface las siguientes <a href='https://en.wikipedia.org/wiki/User_story' target='_blank'>historias de usuario</a>. Usa cualquier librería o APIs que necesites. Dale tu estilo personal.",
            "<span class='text-info'>Historia de usuario:</span> Pedo obtener información acerca del clima en mi localización actual.",
            "<span class='text-info'>Historia de usuario:</span> Puedo ver un icono diferente o una imagen de fondo diferente (e.g. montaña con nieve, desierto caliente) dependiendo del clima.",
            "<span class='text-info'>Historia de usuario:</span> Puedo pulsar un botón para cambiar la unidad de temperatura de grados Fahrenheit a Celsius y viceversa.",
            "<span class='text-info'>Historia de usuario:</span> Puedo buscar entradas en Wikipedia en un cuadro de búsqueda y ver las entradas de Wikipedia resultantes.",
            "<span class='text-info'>Historia de usuario:</span>Puedo pulsar un botón para ver un artículo aleatorio de Wikipedia.",
            "<span class='text-info'>Pista 1:</span> Aquí está una URL donde puedes ver una entrada aleatoria de Wikipedia: <code>https://en.wikipedia.org/wiki/Special:Random<</code>.",
            "<span class='text-info'>Pista 2:</span> Este es un artículo muy útil relativo al uso del API de Wikipedia: <code>https://www.mediawiki.org/wiki/API:Main_page</code>.",
            "<span class='text-info'>Pista 3:</span> Usa este <a href='https://en.wikipedia.org/wiki/Special:ApiSandbox#action=query&titles=Main%20Page&prop=revisions&rvprop=content&format=jsonfm' target='_blank'>enlace</a> para experimentar con el API de Wikipedia.",
            "Recuerda utilizar <a href='http://forum.freecodecamp.com/t/how-to-get-help-when-you-are-stuck/19514' target='_blank'>Leer-Buscar-Preguntar</a> si te sientes atascado.",
            "Cuando hayas terminado, pulsa el botón de \"I've completed this challenge\" e incluye un enlace a tu CodePen.",
            "Puedes obtener retroalimentación sobre tu proyecto por parte de otros campistas, compartiendolo en nuestra <a href='//gitter.im/freecodecamp/codereview' target='_blank'>Sala de chat para revisión de código</a>. También puedes compartirlo en Twitter y en el campamento de tu ciudad (en Facebook)."
          ]
        }
      }
    },
    {
      "id": "bd7158d8c442eddfaeb5bd1f",
      "title": "Use the Twitch.tv JSON API",
      "description": [
        "<strong>Objective:</strong> Build a <a href='https://codepen.io' target='_blank'>CodePen.io</a> app that is functionally similar to this: <a href='https://codepen.io/FreeCodeCamp/full/Myvqmo/' target='_blank'>https://codepen.io/FreeCodeCamp/full/Myvqmo/</a>.",
        "Fulfill the below <a href='https://en.wikipedia.org/wiki/User_story' target='_blank'>user stories</a>. Use whichever libraries or APIs you need. Give it your own personal style.",
        "<strong>User Story:</strong> I can see whether Free Code Camp is currently streaming on Twitch.tv.",
        "<strong>User Story:</strong> I can click the status output and be sent directly to the Free Code Camp's Twitch.tv channel.",
        "<strong>User Story:</strong> if a Twitch user is currently streaming, I can see additional details about what they are streaming.",
        "<strong>User Story:</strong> I will see a placeholder notification if a streamer has closed their Twitch account (or the account never existed). You can verify this works by adding brunofin and comster404 to your array of Twitch streamers.",
        "<strong>Hint:</strong> See an example call to Twitch.tv's JSONP API at <a href='http://forum.freecodecamp.com/t/use-the-twitchtv-json-api/19541' target='_blank'>http://forum.freecodecamp.com/t/use-the-twitchtv-json-api/19541</a>.",
        "<strong>Hint:</strong> The relevant documentation about this API call is here: <a href='https://github.com/justintv/Twitch-API/blob/master/v3_resources/streams.md#get-streamschannel' target='_blank'>https://github.com/justintv/Twitch-API/blob/master/v3_resources/streams.md#get-streamschannel</a>.",
        "<strong>Hint:</strong> Here's an array of the Twitch.tv usernames of people who regularly stream: <code>[\"ESL_SC2\", \"OgamingSC2\", \"cretetion\", \"freecodecamp\", \"storbeck\", \"habathcx\", \"RobotCaleb\", \"noobs2ninjas\"]</code>",
        "Remember to use <a href='http://forum.freecodecamp.com/t/how-to-get-help-when-you-are-stuck/19514' target='_blank'>Read-Search-Ask</a> if you get stuck.",
        "When you are finished, click the \"I've completed this challenge\" button and include a link to your CodePen.",
        "You can get feedback on your project by sharing it with your friends on Facebook."
      ],
      "challengeSeed": [
        "6WrbY1d-IHI"
      ],
      "tests": [],
      "type": "zipline",
      "challengeType": 3,
      "isRequired": false,
      "translations": {
        "es": {
          "title": "Usa el API JSON de Twitch.tv",
          "description": [
            "<span class='text-info'>Objetivo:</span> Crea una aplicación con <a href='https://codepen.io' target='_blank'>CodePen.io</a> cuya funcionalidad sea similar a la de esta: <a href='https://codepen.io/FreeCodeCamp/full/Myvqmo/' target='_blank'>https://codepen.io/FreeCodeCamp/full/Myvqmo/</a>.",
            "Satisface las siguientes <a href='https://en.wikipedia.org/wiki/User_story' target='_blank'>historias de usuario</a>. Usa cualquier librería o APIs que necesites. Dale tu estilo personal.",
            "<span class='text-info'>Historia de usuario:</span> Puedo verificar si Free Code Camp está transmitiendo actualmente en Twitch.tv",
            "<span class='text-info'>Historia de usuario:</span> Puedo pulsar el estatus y ser enviado directamente al canal de Free Code Camp en Twitch.tv.",
            "<span class='text-info'>Historia de usuario:</span> Si un usuario Twitch está transmitiendo actualmente, puedo ver detalles adicionales acerca del contenido que están transmitiendo.",
            "<span class='text-info'>Historia de usuario:</span> Puedo ver una notificación si el usuario ha cerrado su cuenta de Twitch (o si la cuenta nunca ha existido). Puedes verificar si esto funciona agregando brunofin y comster404 a tu vector de usuarios de Twitch.",
            "<span class='text-info'>Pista:</span> Obseva una llamada de ejemplo al API JSONP de Twitch.tv en <code>http://forum.freecodecamp.com/t/use-the-twitchtv-json-api/19541</code>.",
            "<span class='text-info'>Pista:</span> La documentación relevante sobre esta llamada al API está aquí: <a href='https://github.com/justintv/Twitch-API/blob/master/v3_resources/streams.md#get-streamschannel' target='_blank'>https://github.com/justintv/Twitch-API/blob/master/v3_resources/streams.md#get-streamschannel</a>.",
            "<span class='text-info'>Pista:</span> Aquí está un vector de usuarios en Twitch.tv que regularmente transmiten sobre programación: <code>[\"ESL_SC2\", \"OgamingSC2\", \"cretetion\", \"freecodecamp\", \"storbeck\", \"habathcx\", \"RobotCaleb\", \"noobs2ninjas\"]</code>",
            "Recuerda utilizar <a href='http://forum.freecodecamp.com/t/how-to-get-help-when-you-are-stuck/19514' target='_blank'>Leer-Buscar-Preguntar</a> si te sientes atascado.",
            "Cuando hayas terminado, pulsa el botón de \"I've completed this challenge\" e incluye un enlace a tu CodePen.",
            "Puedes obtener retroalimentación sobre tu proyecto por parte de otros campistas, compartiendolo en nuestra <a href='//gitter.im/freecodecamp/codereview' target='_blank'>Sala de chat para revisión de código</a>. También puedes compartirlo en Twitter y en el campamento de tu ciudad (en Facebook)."
          ]
        },
        "ru": {
          "title": "Используйте Twitch.tv JSON API",
          "description": [
            "<span class='text-info'>Задание:</span> Создайте <a href='https://codepen.io' target='_blank'>CodePen.io</a> который успешно копирует вот этот: <a href='https://codepen.io/FreeCodeCamp/full/Myvqmo/' target='_blank'>https://codepen.io/FreeCodeCamp/full/Myvqmo/</a>.",
            "<span class='text-info'>Правило #1:</span> Не подсматривайте код приведенного на CodePen примера. Напишите его самостоятельно.",
            "<span class='text-info'>Правило #2:</span> Можете использовать любые библиотеки или API, которые потребуются.",
            "<span class='text-info'>Правило #3:</span> Воссоздайте функционал приведенного примера и не стесняйтесь добавить что-нибудь от себя.",
            "Реализуйте следующие <a href='https://en.wikipedia.org/wiki/User_story' target='_blank'>пользовательские истории</a>, сделайте также бонусные по желанию:",
            "<span class='text-info'>Пользовательская история:</span> В качестве пользователя, я могу увидеть идет ли в данный момент на Twitch.tv трансляция Free Code Camp.",
            "<span class='text-info'>Пользовательская история:</span> В качестве пользователя, я могу, кликнув на описание трансляции, перейти на канал Free Code Camp.",
            "<span class='text-info'>Пользовательская история:</span> В качестве пользователя, я могу видеть дополнительную информацию о текущей трансляции Free Code Camp.",
            "<span class='text-info'>Бонусная пользовательская история:</span> В качестве пользователя, я могу произвести поиск среди перечисленных каналов.",
            "<span class='text-info'>Бонусная пользовательская история:</span> В качестве пользователя, я могу видеть уведомление, если создатель канала закрыл свой аккаунт на Twitch.tv. Добавьте в массив имена пользователей brunofin и comster404, чтобы убедиться, что эта функция реализована правильно.",
            "<span class='text-info'>Подсказка:</span> Пример запроса к Twitch.tv JSON API: <code>https://api.twitch.tv/kraken/streams/freecodecamp</code>.",
            "<span class='text-info'>Подсказка:</span> Документацию об этом запросе можно найти по ссылке: <a href='https://github.com/justintv/Twitch-API/blob/master/v3_resources/streams.md#get-streamschannel' target='_blank'>https://github.com/justintv/Twitch-API/blob/master/v3_resources/streams.md#get-streamschannel</a>.",
            "<span class='text-info'>Подсказка:</span> В этом массиве приведены имена пользователей, которые регулярно пишут код онлайн: <code>[\"ESL_SC2\", \"OgamingSC2\", \"cretetion\", \"freecodecamp\", \"storbeck\", \"habathcx\", \"RobotCaleb\", \"noobs2ninjas\"]</code>",
            "Если что-то не получается, воспользуйтесь <a href='http://forum.freecodecamp.com/t/how-to-get-help-when-you-are-stuck/19514' target='_blank'>Read-Search-Ask</a>.",
            "Когда выполните задание кликните кнопку \"I've completed this challenge\" и добавьте ссылку на ваш CodePen. Если вы программировали с кем-то в паре, также добавьте имя вашего напарника.",
            "Если вы хотите получить немедленную оценку вашего проекта, нажмите эту кнопку и добавьте ссылку на ваш CodePen. В противном случае мы проверим его перед тем как вы приступите к проектам для некоммерческих организаций.<br><br><a class='btn btn-primary btn-block' href='https://twitter.com/intent/tweet?text=Check%20out%20the%20project%20I%20just%20built%20with%20%40FreeCodeCamp:%20%0A%20%23LearnToCode%20%23JavaScript' target='_blank'>Click here then add your link to your tweet's text</a>"
          ]
        }
      }
    },
    {
      "id": "bd7158d8c442eedfaeb5bd1c",
      "title": "Build a Tic Tac Toe Game",
      "description": [
        "<strong>Objective:</strong> Build a <a href='https://codepen.io' target='_blank'>CodePen.io</a> app that is functionally similar to this: <a href='https://codepen.io/FreeCodeCamp/full/KzXQgy/' target='_blank'>https://codepen.io/FreeCodeCamp/full/KzXQgy/</a>.",
        "Fulfill the below <a href='https://en.wikipedia.org/wiki/User_story' target='_blank'>user stories</a>. Use whichever libraries or APIs you need. Give it your own personal style.",
        "<strong>User Story:</strong> I can play a game of Tic Tac Toe with the computer.",
        "<strong>User Story:</strong> My game will reset as soon as it's over so I can play again.",
        "<strong>User Story:</strong> I can choose whether I want to play as X or O.",
        "Remember to use <a href='http://forum.freecodecamp.com/t/how-to-get-help-when-you-are-stuck/19514' target='_blank'>Read-Search-Ask</a> if you get stuck.",
        "When you are finished, click the \"I've completed this challenge\" button and include a link to your CodePen.",
        "You can get feedback on your project by sharing it with your friends on Facebook."
      ],
      "challengeSeed": [
        "Ia69O1ZNGEg"
      ],
      "tests": [],
      "type": "zipline",
      "challengeType": 3,
      "isRequired": false,
      "translations": {
        "es": {
          "title": "Crea un juego de Tic Tac Toe",
          "description": [
            "<span class='text-info'>Objetivo:</span> Construye una aplicación en <a href='https://codepen.io' target='_blank'>CodePen.io</a> cuya funcionalidad sea similar a la de esta: <a href='https://codepen.io/FreeCodeCamp/full/KzXQgy/' target='_blank'>https://codepen.io/FreeCodeCamp/full/KzXQgy/</a>.",
            "Satisface las siguientes <a href='https://en.wikipedia.org/wiki/User_story' target='_blank'>historias de usuario</a>. Usa cualquier librería o APIs que necesites. Dale tu estilo personal.",
            "<span class='text-info'>Historia de usuario:</span> Puedo jugar un juego de Tic Tac Toe contra el computador.",
            "<span class='text-info'>Historia de usuario:</span> Mi juego se reiniciará tan pronto como termine para poder jugar de nuevo.",
            "<span class='text-info'>Historia de usuario:</span> Puedo elegir si quiero jugar como X o como O.",
            "Recuerda utilizar <a href='http://forum.freecodecamp.com/t/how-to-get-help-when-you-are-stuck/19514' target='_blank'>Leer-Buscar-Preguntar</a> si te sientes atascado.",
            "Cuando hayas terminado, pulsa el botón de \"I've completed this challenge\" e incluye un enlace a tu CodePen.",
            "Puedes obtener retroalimentación sobre tu proyecto por parte de otros campistas, compartiéndolo en nuestra <a href='//gitter.im/freecodecamp/codereview' target='_blank'>Sala de chat para revisión de código</a>. También puedes compartirlo en Twitter y en el campamento de tu ciudad (en Facebook)."
          ]
        }
      }
    },
    {
      "id": "bd7158d8c442eddfaeb5bd1c",
      "title": "Build a Simon Game",
      "description": [
        "<strong>Objective:</strong> Build a <a href='https://codepen.io' target='_blank'>CodePen.io</a> app that is functionally similar to this: <a href='https://codepen.io/Em-Ant/full/QbRyqq/' target='_blank'>https://codepen.io/FreeCodeCamp/full/obYBjE</a>.",
        "Fulfill the below <a href='https://en.wikipedia.org/wiki/User_story' target='_blank'>user stories</a>. Use whichever libraries or APIs you need. Give it your own personal style.",
        "<strong>User Story:</strong> I am presented with a random series of button presses.",
        "<strong>User Story:</strong> Each time I input a series of button presses correctly, I see the same series of button presses but with an additional step.",
        "<strong>User Story:</strong> I hear a sound that corresponds to each button both when the series of button presses plays, and when I personally press a button.",
        "<strong>User Story:</strong> If I press the wrong button, I am notified that I have done so, and that series of button presses starts again to remind me of the pattern so I can try again.",
        "<strong>User Story:</strong> I can see how many steps are in the current series of button presses.",
        "<strong>User Story:</strong> If I want to restart, I can hit a button to do so, and the game will return to a single step.",
        "<strong>User Story:</strong> I can play in strict mode where if I get a button press wrong, it notifies me that I have done so, and the game restarts at a new random series of button presses.",
        "<strong>User Story:</strong> I can win the game by getting a series of 20 steps correct. I am notified of my victory, then the game starts over.",
        "<strong>Hint:</strong> Here are mp3s you can use for each button: <code>https://s3.amazonaws.com/freecodecamp/simonSound1.mp3</code>, <code>https://s3.amazonaws.com/freecodecamp/simonSound2.mp3</code>, <code>https://s3.amazonaws.com/freecodecamp/simonSound3.mp3</code>, <code>https://s3.amazonaws.com/freecodecamp/simonSound4.mp3</code>.",
        "Remember to use <a href='http://forum.freecodecamp.com/t/how-to-get-help-when-you-are-stuck/19514' target='_blank'>Read-Search-Ask</a> if you get stuck.",
        "When you are finished, click the \"I've completed this challenge\" button and include a link to your CodePen.",
        "You can get feedback on your project by sharing it with your friends on Facebook."
      ],
      "challengeSeed": [
        "tAPut8a47bA"
      ],
      "tests": [],
      "type": "zipline",
      "challengeType": 3,
      "isRequired": false,
      "translations": {
        "es": {
          "title": "Construye un juego de Simon",
          "description": [
            "<span class='text-info'>Objetivo:</span> Construye una aplicación en <a href='https://codepen.io' target='_blank'>CodePen.io</a> cuya funcionalidad sea similar a la de esta: <a href='https://codepen.io/Em-Ant/full/QbRyqq/' target='_blank'>https://codepen.io/Em-Ant/full/QbRyqq/</a>.",
            "Satisface las siguientes <a href='https://en.wikipedia.org/wiki/User_story' target='_blank'>historias de usuario</a>. Usa cualquier librería o APIs que necesites. Dale tu estilo personal.",
            "<span class='text-info'>Historia de usuario:</span> Se me presenta una serie aleatoria de pulsaciones a botones.",
            "<span class='text-info'>Historia de usuario:</span> Cada vez que presiono una secuencia de pulsaciones correctamente, veo que vuelve a ejecutarse la misma serie de pulsaciones con un paso adicional.",
            "<span class='text-info'>Historia de usuario:</span> Escucho un sonido que corresponde a cada botón cuando se ejecuta una secuencia de pulsaciones, así como cuando yo presiono un botón.",
            "<span class='text-info'>Historia de usuario:</span> Si presiono el botón equivocado, se me notifica sobre mi error, y se ejecuta de nuevo la serie correcta de pulsaciones para recordarme cuál es la secuencia correcta, tras lo cual puedo intentar de nuevo.",
            "<span class='text-info'>Historia de usuario:</span> Puedo ver cuántos pasos hay en la serie de pulsaciones actual.",
            "<span class='text-info'>Historia de usuario:</span> Si deseo reiniciar, puedo pulsar un botón para hacerlo, y el juego comenzará desde una secuencia con un solo paso.",
            "<span class='text-info'>Historia de usuario:</span> Puedo jugar en modo estricto donde si presiono el botón equivocado, se me notifica de mi error, y el juego vuelve a comenzar con una nueva serie aleatoria de colores.",
            "<span class='text-info'>Historia de usuario:</span> Puedo ganar el juego si completo 20 pasos correctos. Se me notifica sobre mi victoria, tras lo cual el juego se reinicia.",
            "<span class='text-info'>Pista:</span> Aquí hay algunos mp3s que puedes utilizar para tus botones: <code>https://s3.amazonaws.com/freecodecamp/simonSound1.mp3</code>, <code>https://s3.amazonaws.com/freecodecamp/simonSound2.mp3</code>, <code>https://s3.amazonaws.com/freecodecamp/simonSound3.mp3</code>, <code>https://s3.amazonaws.com/freecodecamp/simonSound4.mp3</code>.",
            "Recuerda utilizar <a href='http://forum.freecodecamp.com/t/how-to-get-help-when-you-are-stuck/19514' target='_blank'>Leer-Buscar-Preguntar</a> si te sientes atascado.",
            "Cuando hayas terminado, pulsa el botón de \"I've completed this challenge\" e incluye un enlace a tu CodePen.",
            "Puedes obtener retroalimentación sobre tu proyecto por parte de otros campistas, compartiéndolo en nuestra <a href='//gitter.im/freecodecamp/codereview' target='_blank'>Sala de chat para revisión de código</a>. También puedes compartirlo en Twitter y en el campamento de tu ciudad (en Facebook)."
          ]
        }
      }
    },
    {
      "id": "bd7156d8c242eddfaeb5bd13",
      "title": "Build a Camper Leaderboard",
      "description": [
        "<strong>Objective:</strong> Build a <a href='https://codepen.io' target='_blank'>CodePen.io</a> app that is functionally similar to this: <a href='https://codepen.io/FreeCodeCamp/full/eZGMjp/' target='_blank'>https://codepen.io/FreeCodeCamp/full/eZGMjp/</a>.",
        "Fulfill the below <a href='https://en.wikipedia.org/wiki/User_story' target='_blank'>user stories</a>. Use whichever libraries or APIs you need. Give it your own personal style.",
        "<strong>User Story:</strong> I can see a table of the Free Code Camp campers who've earned the most brownie points in the past 30 days.",
        "<strong>User Story:</strong> I can see how many brownie points they've earned in the past 30 days, and how many they've earned total.",
        "<strong>User Story:</strong> I can toggle between sorting the list by how many brownie points they've earned in the past 30 days and by how many brownie points they've earned total.",
        "<strong>Hint:</strong> To get the top 100 campers for the last 30 days: <a href='https://fcctop100.herokuapp.com/api/fccusers/top/recent' target='_blank'>https://fcctop100.herokuapp.com/api/fccusers/top/recent</a>.",
        "<strong>Hint:</strong> To get the top 100 campers of all time: <a href='https://fcctop100.herokuapp.com/api/fccusers/top/alltime' target='_blank'>https://fcctop100.herokuapp.com/api/fccusers/top/alltime</a>.",
        "Remember to use <a href='http://forum.freecodecamp.com/t/how-to-get-help-when-you-are-stuck/19514' target='_blank'>Read-Search-Ask</a> if you get stuck.",
        "When you are finished, click the \"I've completed this challenge\" button and include a link to your CodePen. ",
        "You can get feedback on your project by sharing it with your friends on Facebook."
      ],
      "releasedOn": "January 1, 2016",
      "challengeSeed": [
        "LJQcFNo_-QY"
      ],
      "tests": [],
      "type": "zipline",
      "isRequired": false,
      "challengeType": 3,
      "translations": {
        "es": {
          "title": "Crea un marcador para los campistas",
          "description": [
            "<strong>Objetivo:</strong> Construye una aplicación en <a href='https://codepen.io' target='_blank'>CodePen.io</a> que funcione de forma similar al siguiente ejemplo: <a href='https://codepen.io/FreeCodeCamp/full/eZGMjp/' target='_blank'>https://codepen.io/FreeCodeCamp/full/eZGMjp/</a>.",
            "Satisface las siguientes <a href='https://en.wikipedia.org/wiki/User_story' target='_blank'>historias de usuario</a>. Usa cualquier librería o API que sea necesaria. ¡Ponle un toque personal!.",
            "<strong>Historia de usuario:</strong> Puedo ver un tablero con los campistas de Free Code Camp que han ganado más puntos de brownie en los últimos 30 días.",
            "<strong>Historia de usuario:</strong> Puedo ver cuántos puntos de brownie han ganado en los últimos 30 días, y cuántos han ganado en total.",
            "<strong>Historia de usuario:</strong> Puedo elegir entre dos formas de organizar la lista: 1) En base a cuántos puntos de brownie se han ganado en los últimos 30 días. 2) En base al número de puntos de brownie que han ganado en total.",
            "<strong>Pista:</strong> Para obtener los 100 mejores campistas para los últimos 30 días: <a href='https://fcctop100.herokuapp.com/api/fccusers/top/recent' target='_blank'>https://fcctop100.herokuapp.com/api/fccusers/top/recent</a>.",
            "<strong>Pista:</strong> Para obtener los 100 mejores campistas de toda la historia: <a href='http://fcctop100.herokuapp.com/api/fccusers/top/alltime' target='_blank'>http://fcctop100.herokuapp.com/api/fccusers/top/alltime</a>.",
            "Recuerda utilizar <a href='http://forum.freecodecamp.com/t/how-to-get-help-when-you-are-stuck/19514' target='_blank'>Read-Search-Ask</a> si te sientes atascado.",
            "Cuando termines, haz clic en el botón de \"I've completed this challenge\" e incluye el vínculo de tu proyecto en CodePen. ",
            "Puedes obtener retroalimentación acerca de tu proyecto de parte de tus compañeros campistas compartiéndolo en nuestro <a href='//gitter.im/freecodecamp/codereview' target='_blank'>Cuarto de revisión de código</a>. También puedes compartirlo en Twitter y en el campamento de tu ciudad (en Facebook)."
          ]
        },
        "ru": {
          "title": "Создайте таблицу Кемперов-Лидеров",
          "description": [
            "<strong>Задание:</strong> Создайте приложение <a href='https://codepen.io' target='_blank'>CodePen.io</a>, функционал которого схож с этим: <a href='https://codepen.io/FreeCodeCamp/full/eZGMjp/' target='_blank'>https://codepen.io/FreeCodeCamp/full/eZGMjp/</a>.",
            "Приложение должно удовлетворять нижеприведённым <a href='https://ru.wikipedia.org/wiki/Пользовательские_истории' target='_blank'>пользовательским историям</a>. Используйте любые библиотеки или API, которые потребуются. Придайте ему свой личный стиль.",
            "<strong>Пользовательская история:</strong> Я могу видеть таблицу кемперов Free Code Camp, которые получили наибольшее количество очков за последние 30 дней.",
            "<strong>Пользовательская история:</strong> Я могу видеть сколько очков они получили за последние 30 дней, и сколько они получили их всего.",
            "<strong>Пользовательская история:</strong> Я могу отсортировать список по количеству очков, которые они получили за последние 30 дней, и по общему количеству полученных очков.",
            "<strong>Подсказка:</strong> Ссылка на топ 100 кемперов за последние 30 дней в формате JSON: <a href='https://fcctop100.herokuapp.com/api/fccusers/top/recent' target='_blank'>https://fcctop100.herokuapp.com/api/fccusers/top/recent</a>.",
            "<strong>Подсказка:</strong> Ссылка на топ 100 кемперов за все время в формате JSON: <a href='http://fcctop100.herokuapp.com/api/fccusers/top/alltime' target='_blank'>http://fcctop100.herokuapp.com/api/fccusers/top/alltime</a>.",
            "Если что-то не получается, не забывайте пользоваться методом <a href='http://forum.freecodecamp.com/t/how-to-get-help-when-you-are-stuck/19514' target='_blank'>Читай-Ищи-Спрашивай</a>.",
            "Когда закончите, нажмите кнопку \"I've completed this challenge\" и укажите ссылку на вашу работу на CodePen.",
            "Вы можете получить отзыв о вашем проекте от коллег, поделившись ссылкой на него в нашем <a href='//gitter.im/freecodecamp/codereview' target='_blank'>чате для рассмотрения кода</a>. Также вы можете поделиться ею через Twitter и на странице Free Code Camp вашего города на Facebook."
          ]
        }
      }
    },
    {
      "id": "bd7153d8c242eddfaeb5bd13",
      "title": "Build a Roguelike Dungeon Crawler Game",
      "description": [
        "<strong>Objective:</strong> Build a <a href='https://codepen.io' target='_blank'>CodePen.io</a> app that is functionally similar to this: <a href='https://codepen.io/FreeCodeCamp/full/PNJRyd/' target='_blank'>https://codepen.io/FreeCodeCamp/full/PNJRyd/</a>.",
        "Fulfill the below <a href='https://en.wikipedia.org/wiki/User_story' target='_blank'>user stories</a>. Use whichever libraries or APIs you need. Give it your own personal style.",
        "<strong>User Story:</strong> I have health, a level, and a weapon. I can pick up a better weapon. I can pick up health items.",
        "<strong>User Story:</strong> All the items and enemies on the map are arranged at random.",
        "<strong>User Story:</strong> I can move throughout a map, discovering items.",
        "<strong>User Story:</strong> I can move anywhere within the map's boundaries, but I can't move through an enemy until I've beaten it.",
        "<strong>User Story:</strong> Much of the map is hidden. When I take a step, all spaces that are within a certain number of spaces from me are revealed.",
        "<strong>User Story:</strong> When I beat an enemy, the enemy goes away and I get XP, which eventually increases my level.",
        "<strong>User Story:</strong> When I fight an enemy, we take turns damaging each other until one of us loses. I do damage based off of my level and my weapon. The enemy does damage based off of its level. Damage is somewhat random within a range.",
        "<strong>User Story:</strong> When I find and beat the boss, I win.",
        "<strong>User Story:</strong> The game should be challenging, but theoretically winnable.",
        "Remember to use <a href='http://forum.freecodecamp.com/t/how-to-get-help-when-you-are-stuck/19514' target='_blank'>Read-Search-Ask</a> if you get stuck.",
        "When you are finished, click the \"I've completed this challenge\" button and include a link to your CodePen. ",
        "You can get feedback on your project by sharing it with your friends on Facebook."
      ],
      "releasedOn": "January 1, 2016",
      "challengeSeed": [
        "BwyKI9iePUQ"
      ],
      "tests": [],
      "type": "zipline",
      "isRequired": false,
      "challengeType": 3,
      "translations": {
        "es": {
          "title": "Crea un juego de dragones al estilo Rogue",
          "description": [
            "<strong>Objetivo:</strong> Construye una aplicación en <a href='https://codepen.io' target='_blank'>CodePen.io</a> que funcione de forma similar al siguiente ejemplo: <a href='https://codepen.io/FreeCodeCamp/full/PNJRyd/' target='_blank'>https://codepen.io/FreeCodeCamp/full/PNJRyd/</a>.",
            "Satisface las siguientes <a href='https://en.wikipedia.org/wiki/User_story' target='_blank'>historias de usuario</a>. Usa cualquier librería o API que sea necesaria. ¡Ponle un toque personal!.",
            "<strong>Historia de usuario:</strong> Tengo energía, nivel de habilidad y un arma. Puedo recoger un arma mejor. Puedo recoger ítems que recuperan mi energía.",
            "<strong>Historia de usuario:</strong> Todos los ítems y los enemigos en el mapa están colocados aleatoriamente.",
            "<strong>Historia de usuario:</strong> Puedo moverme a lo largo de un mapa y descubrir ítems.",
            "<strong>Historia de usuario:</strong> Puedo moverme hacia cualquier parte dentro de los límites del mapa, pero no puedo moverme sobre un enemigo hasta que lo haya vencido.",
            "<strong>Historia de usuario:</strong> Gran parte del mapa está escondido. Cuando doy un paso, todos los espacios que están a cierto número de espacios de distancia de mi son revelados.",
            "<strong>Historia de usuario:</strong> Cuando venzo un enemigo, este desaparece y yo gano puntos de experiencia (XP), lo que eventualmente me permite aumentar de nivel.",
            "<strong>Historia de usuario:</strong> Cuando peleo con un enemigo, tomamos turnos haciéndonos daño hasta que uno de los dos pierde. El daño que hago está basado en mi nivel de experiencia y en el arma que estoy utilizando. El enemigo hace daño basado en su nivel. El daño es aleatorio dentro de cierto márgen.",
            "<strong>Historia de usuario:</strong> Gano el juego cuando encuentre y venza al jefe.",
            "<strong>Historia de usuario:</strong> El juego debe representar un reto, pero ganar debe ser teóricamente posible.",
            "Recuerda utilizar <a href='http://forum.freecodecamp.com/t/how-to-get-help-when-you-are-stuck/19514' target='_blank'>Read-Search-Ask</a> si te sientes atascado.",
            "Cuando termines, haz clic en el botón de \"I've completed this challenge\" e incluye el vínculo de tu proyecto en CodePen. ",
            "Puedes obtener retroalimentación acerca de tu proyecto de parte de tus compañeros campistas compartiéndolo en nuestro <a href='//gitter.im/freecodecamp/codereview' target='_blank'>Cuarto de revisión de código</a>. También puedes compartirlo en Twitter y en el campamento de tu ciudad (en Facebook)."
          ]
        },
        "ru": {
          "title": "Создайте Roguelike-подобную игру Подземелье",
          "description": [
            "<strong>Задание:</strong> Создайте приложение <a href='https://codepen.io' target='_blank'>CodePen.io</a>, функционал которого схож с этим: <a href='https://codepen.io/FreeCodeCamp/full/PNJRyd/' target='_blank'>https://codepen.io/FreeCodeCamp/full/PNJRyd/</a>.",
            "Приложение должно удовлетворять нижеприведённым <a href='https://ru.wikipedia.org/wiki/Пользовательские_истории' target='_blank'>пользовательским историям</a>. Используйте любые библиотеки или API, которые потребуются. Придайте ему свой личный стиль.",
            "<strong>Пользовательская история:</strong> У меня есть жизни, уровень и оружие. Я могу подобрать оружие получше. Я могу подобрать очки здоровья.",
            "<strong>Пользовательская история:</strong> Все предметы и враги располагаются на карте случайным образом.",
            "<strong>Пользовательская история:</strong> Я могу передвигаться по карте, обнаруживая новые предметы.",
            "<strong>Пользовательская история:</strong> Я могу двигаться куда угодно в рамках карты, но не могу продвинуться дальше врага, пока он не будет побежден.",
            "<strong>Пользовательская история:</strong> Большая часть карты скрыта. Когда я делаю шаг, все клетки в определенном количестве клеток от меня становятся видимы.",
            "<strong>Пользовательская история:</strong> Когда я побеждаю врага, враг исчезает, а я получаю очки опыта (XP), что увеличивает мой уровень.",
            "<strong>Пользовательская история:</strong> Когда я веду бой с врагом, мы поочередно наносим друг-другу повреждения, до тех пор пока кто-нибудь не победит. Я наношу повреждения, которые зависят от моего уровня и моего оружия. Враг наносит повреждения, которые зависят от его уровня. Значение повреждений распределено случайным образом в некотором диапазоне.",
            "<strong>Пользовательская история:</strong> Когад я нахожу и побеждаю босса, я выигрываю игру.",
            "<strong>Пользовательская история:</strong> Игра должна быть интересной и достаточно сложной, но теоретически проходимой.",
            "Если что-то не получается, не забывайте пользоваться методом <a href='http://forum.freecodecamp.com/t/how-to-get-help-when-you-are-stuck/19514' target='_blank'>Читай-Ищи-Спрашивай</a>.",
            "Когда закончите, нажмите кнопку \"I've completed this challenge\" и укажите ссылку на вашу работу на CodePen.",
            "Вы можете получить отзыв о вашем проекте от коллег, поделившись ссылкой на него в нашем <a href='//gitter.im/freecodecamp/codereview' target='_blank'>чате для рассмотрения кода</a>. Также вы можете поделиться ею через Twitter и на странице Free Code Camp вашего города на Facebook."
          ]
        }
      }
    },
    {
      "id": "bd7150d8c442eddfafb5bd1c",
      "title": "P2P Video Chat Application",
      "description": [
        "<strong>Objective:</strong> Build a <a href='https://hyperdev.com' target='_blank'>Hyperdev</a> app that is functionally similar to this: <a href='https://unequaled-cement.hyperdev.space' target='_blank'>https://unequaled-cement.hyperdev.space</a>.",
        "Fulfill the below <a href='https://en.wikipedia.org/wiki/User_story' target='_blank'>user stories</a>. Use whichever libraries or APIs you need. Give it your own personal style.",
        "<strong>User Story:</strong> Upon arriving, the browser will prompt me to access my camera and microphone. ",
        "<strong>User Story:</strong> After I give it permission, I am prompted to type in a room name.",
        "<strong>User Story:</strong> Once I type in the room name, a room will be created if no room of that name existed before. ",
        "<strong>User Story:</strong> A friend of mine can subsequently go to the same website, type in the same room I entered, and join the same room, then enter into a video chat with me. ",
        "<strong>User Story:</strong> If I type in a room name, and there are already two people in that room, I get a notification that the room is full. ",
        "<strong>User Story:</strong> Anyone can create or join any room. And there can be any number of rooms, but all of them must have unique names. ",
        "<strong>User Story:</strong> I can choose to not permit the site to access my microphone and webcam. If I choose not to do this, if some other driver problem occurs, I see an error message saying these are required. ",
        "<strong>User Story:</strong> When I choose to cancel the room name input step, or if I type in no name, or just spaces, it should again ask me again to type in a valid room name. ",
        "<strong>User Story:</strong> If one of the two people in the room get disconnected, they can reconnect to the same room and continue chatting.",
        "Remember to use <a href='http://forum.freecodecamp.com/t/how-to-get-help-when-you-are-stuck/19514' target='_blank'>Read-Search-Ask</a> if you get stuck.",
        "When you are finished, click the \"I've completed this challenge\" button and include a link to your Hyperdev App.",
        "You can get feedback on your project by sharing it with your friends on Facebook."
      ],
      "challengeSeed": [],
      "tests": [],
      "type": "zipline",
      "challengeType": 3,
      "isRequired": false
    },
    {
      "id": "bd7198d8c242eddfaeb5bd13",
      "title": "Show National Contiguity with a Force Directed Graph",
      "description": [
        "<strong>Objective:</strong> Build a <a href='https://codepen.io' target='_blank'>CodePen.io</a> app that is functionally similar to this: <a href='https://codepen.io/FreeCodeCamp/full/xVopBo' target='_blank'>https://codepen.io/FreeCodeCamp/full/xVopBo</a>.",
        "Fulfill the following <a href='https://en.wikipedia.org/wiki/User_story' target='_blank'>user stories</a>. Use whichever libraries or APIs you need. Give it your own personal style.",
        "<strong>User Story:</strong> I can see a Force-directed Graph that shows which countries share borders.",
        "<strong>User Story:</strong> I can see each country's flag on its node.",
        "<strong>Hint:</strong> Here's a dataset you can use to build this: <a href='https://raw.githubusercontent.com/DealPete/forceDirected/master/countries.json' target='_blank'>https://raw.githubusercontent.com/DealPete/forceDirected/master/countries.json</a>",
        "<strong>Hint:</strong> You can create a spritesheet of national flags at <a href='https://www.flag-sprites.com' target='_blank'>https://www.flag-sprites.com</a>.",
        "Remember to use <a href='http://forum.freecodecamp.com/t/how-to-get-help-when-you-are-stuck/19514' target='_blank'>Read-Search-Ask</a> if you get stuck.",
        "When you are finished, click the \"I've completed this challenge\" button and include a link to your CodePen. ",
        "You can get feedback on your project by sharing it with your friends on Facebook."
      ],
      "challengeSeed": [
        "etBaP3IdlIE"
      ],
      "tests": [],
      "isRequired": true,
      "releasedOn": "January 1, 2016",
      "type": "zipline",
      "challengeType": 3,
      "translations": {
        "es": {
          "title": "Muestra asociaciones utilizando un gráfico de fuerzas dirigidas",
          "description": [
            "<strong>Objetivo:</strong> Construye una aplicación en <a href='https://codepen.io' target='_blank'>CodePen.io</a> que funcione de forma similar al siguiente ejemplo: <a href='https://codepen.io/FreeCodeCamp/full/KVNNXY' target='_blank'>https://codepen.io/FreeCodeCamp/full/KVNNXY</a>.",
            "<strong>Regla #1:</strong> No veas el código del proyecto de ejemplo. Encuentra la forma de hacerlo por tu cuenta.",
            "<strong>Regla #2:</strong> Satisface las siguientes <a href='https://en.wikipedia.org/wiki/User_story' target='_blank'>historias de usuario</a>. Usa cualquier librería o API que sea necesaria. ¡Ponle un toque personal!.",
            "<strong>Regla #3:</strong> Debes utilizar D3.js para construir este proyecto.",
            "<strong>Historia de usuario:</strong> Puedo ver un gráfico de fuerza dirigida que muestra qué campistas están publicando enlaces en Camper News hacia qué dominios.",
            "<strong>Historia de usuario:</strong> Puedo ver el icono de cada campista en su nodo respectivo.",
            "<strong>Historia de usuario:</strong> Puedo ver la relación entre los campistas y los dominios que publican.",
            "<strong>Historia de usuario:</strong> Puedo conocer aproximadamente cuántas veces los campistas han enlazado un dominio en particular a partir del tamaño del nodo respectivo.",
            "<strong>Historia de usuario:</strong> Puedo conocer aproximadamente cuántas veces un campista específico ha publicado un enlace a partir del tamaño de su nodo.",
            "<strong>Pista:</strong> La siguiente es la ruta del API de noticias de Camper News: <code>http://www.freecodecamp.com/news/hot</code>.",
            "Recuerda utilizar <a href='http://forum.freecodecamp.com/t/how-to-get-help-when-you-are-stuck/19514' target='_blank'>Read-Search-Ask</a> si te sientes atascado.",
            "Cuando termines, haz clic en el botón de \"I've completed this challenge\" e incluye el vínculo de tu proyecto en CodePen. ",
            "Puedes obtener retroalimentación acerca de tu proyecto de parte de tus compañeros campistas compartiéndolo en nuestro <a href='//gitter.im/freecodecamp/codereview' target='_blank'>Cuarto de revisión de código</a>. También puedes compartirlo en Twitter y en el campamento de tu ciudad (en Facebook)."
          ]
        }
      }
    },
    {
      "id": "bd7108d8c242eddfaeb5bd13",
      "title": "Map Data Across the Globe",
      "description": [
        "<strong>Objective:</strong> Build a <a href='https://codepen.io' target='_blank'>CodePen.io</a> app that is functionally similar to this: <a href='https://codepen.io/FreeCodeCamp/full/mVEJag' target='_blank'>https://codepen.io/FreeCodeCamp/full/mVEJag</a>.",
        "Fulfill the following <a href='https://en.wikipedia.org/wiki/User_story' target='_blank'>user stories</a>. Use whichever libraries or APIs you need. Give it your own personal style.",
        "<strong>User Story:</strong> I can see where all Meteorites landed on a world map.",
        "<strong>User Story:</strong> I can tell the relative size of the meteorite, just by looking at the way it's represented on the map.",
        "<strong>User Story:</strong> I can mouse over the meteorite's data point for additional data.",
        "<strong>Hint:</strong> Here's a dataset you can use to build this: <a href='https://raw.githubusercontent.com/FreeCodeCamp/ProjectReferenceData/master/meteorite-strike-data.json' target='_blank'>https://raw.githubusercontent.com/FreeCodeCamp/ProjectReferenceData/master/meteorite-strike-data.json</a>",
        "Remember to use <a href='http://forum.freecodecamp.com/t/how-to-get-help-when-you-are-stuck/19514' target='_blank'>Read-Search-Ask</a> if you get stuck.",
        "When you are finished, click the \"I've completed this challenge\" button and include a link to your CodePen. ",
        "You can get feedback on your project by sharing it with your friends on Facebook."
      ],
      "challengeSeed": [
        "kSAqct10gA0"
      ],
      "tests": [],
      "isRequired": true,
      "releasedOn": "January 1, 2016",
      "type": "zipline",
      "challengeType": 3,
      "translations": {
        "es": {
          "title": "Mapea datos a lo largo del Globo",
          "description": [
            "<strong>Objetivo:</strong> Construye una aplicación en <a href='https://codepen.io' target='_blank'>CodePen.io</a> que funcione de forma similar al siguiente ejemplo: <a href='https://codepen.io/FreeCodeCamp/full/mVEJag' target='_blank'>https://codepen.io/FreeCodeCamp/full/mVEJag</a>.",
            "<strong>Regla #1:</strong> No veas el código del proyecto de ejemplo. Encuentra la forma de hacerlo por tu cuenta.",
            "<strong>Regla #2:</strong> Satisface las siguientes <a href='https://en.wikipedia.org/wiki/User_story' target='_blank'>historias de usuario</a>. Usa cualquier librería o API que sea necesaria. ¡Ponle un toque personal!.",
            "<strong>Regla #3:</strong> Debes utilizar D3.js para construir este proyecto.",
            "<strong>Historia de usuario:</strong> Puedo ver a dónde cayeron todos los meteoritos en un mapa mundi.",
            "<strong>Historia de usuario:</strong> Puedo distinguir el tamaño relativo de cada meteorito simplemente viendo la forma en que está representado en el mapa.",
            "<strong>Historia de usuario:</strong> Puedo mover el ratón sobre el dato de cada meteorito para obtener información adicional.",
            "<strong>Pista:</strong> Puedes utilizar el siguiente conjunto de datos para construir tu proyecto: <a href='https://raw.githubusercontent.com/FreeCodeCamp/ProjectReferenceData/master/meteorite-strike-data.json' target='_blank'>https://raw.githubusercontent.com/FreeCodeCamp/ProjectReferenceData/master/meteorite-strike-data.json</a>",
            "Recuerda utilizar <a href='http://forum.freecodecamp.com/t/how-to-get-help-when-you-are-stuck/19514' target='_blank'>Read-Search-Ask</a> si te sientes atascado.",
            "Cuando termines, haz clic en el botón de \"I've completed this challenge\" e incluye el vínculo de tu proyecto en CodePen. ",
            "Puedes obtener retroalimentación acerca de tu proyecto de parte de tus compañeros campistas compartiéndolo en nuestro <a href='//gitter.im/freecodecamp/codereview' target='_blank'>Cuarto de revisión de código</a>. También puedes compartirlo en Twitter y en el campamento de tu ciudad (en Facebook)."
          ]
        }
      }
    }
  ]
}