{
  "name": "React and Redux",
  "order": 7,
  "time": "5 hours",
  "helpRoom": "Help",
  "challenges": [
    {
      "id": "587d7dbc367417b2b2512bb0",
      "title": "Introduction to the React and Redux Challenges",
      "description": [
        [
          "",
          "",
          "The React and Redux challenges have not been ported into Free Code Camp yet. You can visit <a href=\"http://hysterical-amusement.surge.sh/\" target=\"_blank\">this link to work through the alpha version</a> of these challenges. If you have feedback, you can open an issue (or pull request) directly on <a href=\"https://github.com/bonham000/fcc-react-tests-module\" target=\"_blank\">this repository.</a>",
          ""
        ]
      ],
      "releasedOn": "",
      "challengeSeed": [],
      "tests": [],
      "type": "Waypoint",
      "challengeType": 7,
      "isRequired": false,
      "titleEs": "",
      "descriptionEs": [
        []
      ],
      "titleFr": "",
      "descriptionFr": [
        []
      ],
      "titleDe": "",
      "descriptionDe": [
        []
      ]
    }
  ]
}