{
  "name": "React",
  "order": 5,
  "time": "5 hours",
  "helpRoom": "Help",
  "challenges": [
    {
      "id": "587d7dbc367417b2b2512bb1",
      "title": "Introduction to the React Challenges",
      "description": [
        [
          "",
          "",
          "React is a JavaScript library designed to make it easier to build complex user interfaces. React does this in a few ways:<br><br><ol><li>React allows HTML to render from a JavaScript file.</li><li>React breaks a website's parts into Components that can then be combined to build pages.</li><li>React Components can pass data to each other as properties</li></ol><br><br>React uses a virtual Document Object Model. Instead of changing the DOM directly, React makes a simplified copy of the DOM (the virtual DOM) when the page loads. This allows React to make changes to elements on the page without re-rendering the entire page. This can improve the responsiveness and functionality of single-page applications.<br><br>While not part of the React library and not required, JSX is often paired with React. JSX is a preprocessor for JavaScript written in a syntax akin to XML that results in more readable code.<br><br><strong>Fun fact:</strong>Free Code Camp is built using React.",
          ""
        ],
        [
          "",
          "",
          "The React challenges have not been ported into Free Code Camp yet. You can visit <a href=\"http://hysterical-amusement.surge.sh/\" target=\"_blank\">this link to work through the alpha version</a> of these challenges. If you have feedback, you can open an issue (or pull request) directly on <a href=\"https://github.com/bonham000/fcc-react-tests-module\" target=\"_blank\">this repository.</a>",
          ""
        ]
      ],
      "releasedOn": "",
      "challengeSeed": [],
      "tests": [],
      "type": "Waypoint",
      "challengeType": 7,
      "isRequired": false,
      "titleEs": "",
      "descriptionEs": [
        []
      ],
      "titleFr": "",
      "descriptionFr": [
        []
      ],
      "titleDe": "",
      "descriptionDe": [
        []
      ]
    }
  ]
}