{
  "name": "Claim Your JavaScript Algorithms and Data Structures Certificate",
  "order": 13,
  "time": "5 minutes",
  "challenges": [
    {
      "id": "587d7b7f367417b2b2512b25",
      "title": "Claim Your JavaScript Algorithms and Data Structures Certificate",
      "description": [
        [
          "//i.imgur.com/k8btNUB.jpg",
          "An image of our Front End Development Certificate",
          "This challenge will give you your verified Front End Development Certificate. Before we issue your certificate, we must verify that you have completed all of our basic and intermediate algorithm scripting challenges, and all our basic, intermediate, and advanced front end development projects. You must also accept our Academic Honesty Pledge. Click the button below to start this process.",
          ""
        ],
        [
          "//i.imgur.com/uLPsUko.jpg",
          "The definition of plagiarism: Plagiarism (noun) - copying someone else’s work and presenting it as your own without crediting them",
          "By clicking below, you pledge that all of your submitted code A) is code you or your pair personally wrote, or B) comes from open source libraries like jQuery, or C) has been clearly attributed to its original authors. You also give us permission to audit your challenge solutions and revoke your certificate if we discover evidence of plagiarism.",
          "#"
        ],
        [
          "//i.imgur.com/UedoV2G.jpg",
          "An image of the text \"Front End Development Certificate requirements\"",
          "Let's confirm that you have completed all of our basic and intermediate algorithm scripting challenges, and all our basic, intermediate, and advanced front end development projects. Click the button below to verify this.",
          "#"
        ],
        [
          "//i.imgur.com/Q5Za9U6.jpg",
          "An image of the word \"Congratulations\"",
          "Congratulations! We've added your Front End Development Certificate to your portfolio page. Unless you choose to hide your solutions, this certificate will remain publicly visible and verifiable.",
          ""
        ]
      ],
      "challengeSeed": [
        {
          "properties": [
            "isHonest",
            "isFrontEndCert"
          ],
          "apis": [
            "/certificate/honest",
            "/certificate/verify/front-end"
          ],
          "stepIndex": [
            1,
            2
          ]
        }
      ],
      "tests": [
        {
          "id": "a202eed8fc186c8434cb6d61",
          "title": "Reverse a String"
        },
        {
          "id": "a302f7aae1aa3152a5b413bc",
          "title": "Factorialize a Number"
        },
        {
          "id": "aaa48de84e1ecc7c742e1124",
          "title": "Check for Palindromes"
        },
        {
          "id": "a26cbbe9ad8655a977e1ceb5",
          "title": "Find the Longest Word in a String"
        },
        {
          "id": "ab6137d4e35944e21037b769",
          "title": "Title Case a Sentence"
        },
        {
          "id": "a789b3483989747d63b0e427",
          "title": "Return Largest Numbers in Arrays"
        },
        {
          "id": "acda2fb1324d9b0fa741e6b5",
          "title": "Confirm the Ending"
        },
        {
          "id": "afcc8d540bea9ea2669306b6",
          "title": "Repeat a string repeat a string"
        },
        {
          "id": "ac6993d51946422351508a41",
          "title": "Truncate a string"
        },
        {
          "id": "a9bd25c716030ec90084d8a1",
          "title": "Chunky Monkey"
        },
        {
          "id": "579e2a2c335b9d72dd32e05c",
          "title": "Splice and Slice"
        },
        {
          "id": "af2170cad53daa0770fabdea",
          "title": "Mutations"
        },
        {
          "id": "adf08ec01beb4f99fc7a68f2",
          "title": "Falsy Bouncer"
        },
        {
          "id": "a39963a4c10bc8b4d4f06d7e",
          "title": "Seek and Destroy"
        },
        {
          "id": "a24c1a4622e3c05097f71d67",
          "title": "Where do I belong"
        },
        {
          "id": "a3566b1109230028080c9345",
          "title": "Sum All Numbers in a Range"
        },
        {
          "id": "a5de63ebea8dbee56860f4f2",
          "title": "Diff Two Arrays"
        },
        {
          "id": "a7f4d8f2483413a6ce226cac",
          "title": "Roman Numeral Converter"
        },
        {
          "id": "a8e512fbe388ac2f9198f0fa",
          "title": "Wherefore art thou"
        },
        {
          "id": "a0b5010f579e69b815e7c5d6",
          "title": "Search and Replace"
        },
        {
          "id": "aa7697ea2477d1316795783b",
          "title": "Pig Latin"
        },
        {
          "id": "afd15382cdfb22c9efe8b7de",
          "title": "DNA Pairing"
        },
        {
          "id": "af7588ade1100bde429baf20",
          "title": "Missing letters"
        },
        {
          "id": "a77dbc43c33f39daa4429b4f",
          "title": "Boo who"
        },
        {
          "id": "a105e963526e7de52b219be9",
          "title": "Sorted Union"
        },
        {
          "id": "a6b0bb188d873cb2c8729495",
          "title": "Convert HTML Entities"
        },
        {
          "id": "a103376db3ba46b2d50db289",
          "title": "Spinal Tap Case"
        },
        {
          "id": "a5229172f011153519423690",
          "title": "Sum All Odd Fibonacci Numbers"
        },
        {
          "id": "a3bfc1673c0526e06d3ac698",
          "title": "Sum All Primes"
        },
        {
          "id": "ae9defd7acaf69703ab432ea",
          "title": "Smallest Common Multiple"
        },
        {
          "id": "a6e40f1041b06c996f7b2406",
          "title": "Finders Keepers"
        },
        {
          "id": "a5deed1811a43193f9f1c841",
          "title": "Drop it"
        },
        {
          "id": "ab306dbdcc907c7ddfc30830",
          "title": "Steamroller"
        },
        {
          "id": "a8d97bd4c764e91f9d2bda01",
          "title": "Binary Agents"
        },
        {
          "id": "a10d2431ad0c6a099a4b8b52",
          "title": "Everything Be True"
        },
        {
          "id": "a97fd23d9b809dac9921074f",
          "title": "Arguments Optional"
        },
        {
          "id": "56533eb9ac21ba0edf2244e2",
          "title": "Caesars Cipher"
        },
        {
          "id": "a2f1d72d9b908d0bd72bb9f6",
          "title": "Make a Person"
        },
        {
          "id": "af4afb223120f7348cdfc9fd",
          "title": "Map the Debris"
        }
      ],
      "type": "Waypoint",
      "challengeType": 7,
      "descriptionEs": [
        [
          "//i.imgur.com/k8btNUB.jpg",
          "Una imagen que muestra nuestro certificado de Desarrollo de interfaces",
          "Este desafío te otorga tu certificado autenticado de Desarrollo de interfaces. Antes de que podamos emitir tu certificado, debemos verificar que has completado todos los desafíos básicos e intermedios de diseño de algoritmos, y todos los proyectos básicos e intermedios de desarrollo de interfaces. También debes aceptar nuestro Juramento de honestidad académica. Pulsa el botón siguiente para iniciar este proceso.",
          ""
        ],
        [
          "//i.imgur.com/HArFfMN.jpg",
          "Plagio (nombre): acción y efecto de plagiar. Plagiar (verbo) - copiar en lo sustancial obras ajenas, dándolas como propias.",
          "Al pulsar el botón siguiente, juras que todo el código en tus soluciones a los desafíos A) es código que tú o tu compañero escribieron personalmente, o B) proviene de librerías de código abierto como jQuery, o C) ha sido claramente atribuido a sus autores originales. También nos otorgas el permiso para auditar tus soluciones a los desafíos y revocar tu certificado si encontramos evidencia de plagio.",
          "#"
        ],
        [
          "//i.imgur.com/14F2Van.jpg",
          "Una imagen del texto \"Front End Development Certificate requirements\"",
          "Confirmemos que has completado todos nuestros desafíos básicos e intermedios de diseño de algoritmos, y todos nuestros proyectos básicos e intermedios de desarrollo de interfaces. Pulsa el botón siguiente para hacer la verificación.",
          "#"
        ],
        [
          "//i.imgur.com/16SIhHO.jpg",
          "Una imagen de la palabra \"Congratulations\"",
          "¡Felicitaciones! Hemos agregado tu certificado de Desarrollo de interfaces a tu portafolio. A menos que elijas no mostrar tus soluciones, este certificado será públicamente visible y verificable.",
          ""
        ]
      ],
      "titleEs": "Reclama tu certificado de Desarrollo de interfaces"
    }
  ]
}